title,rating,price,discount
"Miss & Chief Baby Bunny Rideon Car with Music, for kids...",3.9,"₹1,199",76% off
Miss & Chief Nicole Parental Tricycle with Canopy with ...,3.6,"₹3,999",50% off
"Chigy Wooh Monster Truck Toy for Kids, Amazing, 360 Deg...",4.2,₹50,82% off
Nexteesh Monster Truck Friction Power Cars With Big Rub...,4.1,₹41,79% off
SHRIBALAJITOYS Dancing cactus rose new design for kids,4,₹264,82% off
"Miss & Chief Spartan Tiger - 3 Wheel Kick Scooter,Folda...",4.3,"₹4,999",No discount
Zyamalox Mini Portable Electronic Keyboard Piano Attrac...,4,₹199,80% off
ExaltedCollection Toy Helicopter for Kids Easy Control ...,3,₹379,74% off
SABIRAT Animal Set No Music Toy For Kids,4,₹364,77% off
ZUNBELLA 2in1 Automatic Convertible Transforming Robot ...,3.9,₹380,80% off
J K INTERNATIONAL Play Gym & Mat for Babies Infant New ...,4.1,₹464,82% off
"Miss & Chief Flash - 3 Wheel Scooter for Kids, Lightwei...",4.3,₹799,68% off
BOZICA Top Selling Baby Building Blocks 100% Non-Toxic ...,3.9,₹146,85% off
J K INTERNATIONAL 2 in 1 Xylophone and Piano Toy,4.3,₹199,80% off
ARIZON DIY Plastic Building Blocks for Kids 100+ pcs,3.8,₹156,75% off
"Forbuz Monster Truck Toy for Kids, Amazing Toys, 360 De...",4.1,₹44,89% off
Fevicreate Paint Your Own Unicorn Money Bank Kit - Idea...,5,₹439,20% off
Chigy Wooh Duck track Set Automatic Stair-Climb Ducks R...,3.8,₹273,77% off
HALLSTATT LCD WRITING TABLE 12 INCH,No rating,₹398,73% off
"GoodsNet Flash Drum Toy with 5 Visual 3D Lights, Music,...",3.9,₹279,68% off
"ZARQITO Wooden Alphabet Puzzle Toys, ABC Letter Prescho...",4.1,₹135,83% off
ZRIYOS Magic Practice Copybook (4 BOOK + 10 REFILL + 1 ...,3.9,₹147,75% off
shivi creations Monster Car,4.1,₹45,83% off
Galactic New Smart Phone Cordless Feature Mobile Phone ...,3.8,₹179,70% off
APJ enterprise Monster Truck Toys Car for Kids,4,₹27,93% off
FUNVERSE Magnetic Board Game for Kids - 24 Magnets with...,4.1,₹190,80% off
Miss & Chief Powerpuff Girls-Buttercup Swing Car Rideon...,4,₹948,81% off
Miss & Chief Kick Scooter,4.2,₹899,64% off
Osjs SOFT TOYS LOVER teddy bear size 3 feet  - 90.2 cm,3.9,₹279,82% off
"manish 12 Piece Mini Jungle Animals Toys Set,Wild Anima...",4,₹217,78% off
"ZARQITO Wooden Russian Blocks Puzzles for Kids Adults, ...",4.2,₹145,70% off
"ZARQITO 3D Wooden Puzzle Capital Alphabets, Numbers, an...",4.3,₹283,71% off
Galactic Smart Phone Cordless Feature Mobile Phone Toys...,3.8,₹229,61% off
Mira Farmcraft Flash Cards for Kids English Words Presc...,4.2,₹286,71% off
EL SMO Counting Wooden Clock Puzzle Toy for Kids Jigsaw...,4.7,₹236,80% off
BOZICA Wooden Educational Creative learning A To Z Engl...,4,₹137,82% off
Toys R Us Universe of Imagination All in One Flash Card...,4.4,₹169,66% off
Miss & Chief Kick Scooter,4.2,₹899,64% off
MS TOYS Jhoomar Musical Cradle Toy for New Born babies ...,3.6,₹269,46% off
Extrawish Montessori Slide Puzzles - Brain Game for Kid...,4.4,₹169,83% off
"Miss & Chief Baby Bunny Rideon Car with Music, for kids...",3.9,"₹1,199",76% off
"Miss & Chief Spartan Tiger - 3 Wheel Kick Scooter,Folda...",4.3,"₹4,999",No discount
Toyco 1:32 Scale Alloy Die-Cast Metal SUV Car Toy for K...,4,₹282,68% off
gurukanth All in One Flash Cards for Kids (Non-Tearable...,4.3,₹198,60% off
CADDLE & TOES Famous Car Remote Control 3D with LED Lig...,3.6,₹288,71% off
ZUNBELLA Land Rover Defender 1:36 Diecast Model With Op...,3.9,₹285,78% off
Miss & Chief Nicole Parental Tricycle with Canopy with ...,3.6,"₹3,999",50% off
J K INTERNATIONAL Play Gym & Mat for Babies Infant New ...,4.1,₹464,82% off
Macros Classic Super Soft Complete Family Pack Combo of...,4,₹336,88% off
WOYR 18 Pack (144 Cards) Naruto Itachi Sasuke Booster P...,4.1,₹177,70% off
Miss & Chief Nicole Parental Tricycle with canooy with ...,3.6,"₹3,999",50% off
Chigy Wooh Duck track Set Automatic Stair-Climb Ducks R...,3.8,₹273,77% off
Carlos Writing Pad/Tablet Digital Magic Slate Board foo...,4.1,₹116,83% off
Aganta Magic Clay With 12 Colors Air Dry Clay for Kids ...,3.6,₹69,88% off
Buddynjoy Rechargeable Crawling Crab Baby Toy with Musi...,4.3,₹444,70% off
"Devta Kids Piano Keyboard, Piano for Kids with Micropho...",3.9,₹485,78% off
"ZARQITO Wooden Alphabet Puzzle Toys, ABC Letter Prescho...",4.1,₹135,83% off
Fevicreate Paint Your Own Unicorn Money Bank Kit - Idea...,5,₹439,20% off
Super Toy Dobble Spot It Matching Card Game for Kids an...,4.5,₹186,90% off
Vicorp LCD Writing Screen Tablet Drawing Board for Kids...,4,₹145,83% off
Miss & Chief Powerpuff Girls-Buttercup Swing Car Rideon...,4,₹948,81% off
"ZARQITO Wooden Russian Blocks Puzzles for Kids Adults, ...",4.2,₹145,70% off
fizz Mini Monster Trucks Friction Powered Cars for Kids...,4.1,₹186,62% off
Toyco 1:36 Scale Alloy Die-Cast Metal SUV Car Toy for K...,4.1,₹379,57% off
Extrawish 3 in 1 Doctor Play Set Carry Along Pretend Ro...,4.5,₹453,65% off
ZUNBELLA Little Lovely Duck Slide Escalator Toy with Li...,4,₹401,79% off
Miss & Chief Kick Scooter,4.2,₹899,64% off
"ZARQITO 3D Wooden Puzzle Capital Alphabets, Numbers, an...",4.3,₹283,71% off
Learn With Fun Lovely Duck Slide Toy Escalator Toy with...,4,₹358,80% off
"TOYOX Musical Learning Study Book with Number, Letters,...",3.9,₹342,81% off
Toys R Us Universe of Imagination All in One Flash Card...,4.4,₹169,66% off
"Miss & Chief Baby Bunny Rideon Car with Music, for kids...",3.9,"₹1,199",76% off
Kidzoy 3 Pcs Jumping Bird Wind Up Key Operated Colorful...,4,₹272,61% off
Aganta Dancing Cactus with Lights Up Talking Singing To...,4,₹347,82% off
xelix Baby's First Block 16 Alphabet & Blocks Toys Kids...,4.3,₹191,80% off
Toys R Us Avigo Baby Car|Push Car|Swing Car|Ride on Toy...,3.9,₹889,70% off
"J K INTERNATIONAL 42-Piece Kitchen Set, Music,Real Wate...",4,₹658,83% off
FUNVERSE Magnetic Board Game for Kids - 24 Magnets with...,4.1,₹190,80% off
LWF Unbreakable Pull Back Texi Car Truck Bus Plane Toy ...,4.2,₹378,70% off
Toyco 1:32 Scale Alloy Die-Cast Metal Sports Model Toy ...,4.2,₹297,66% off
BOZICA Wooden Educational Creative learning A To Z Engl...,4,₹137,86% off
WISHKEY Remote Control Super High Speed Racing Car With...,3.7,₹576,51% off
"Craftinger Multi Beads for Jeweller,y Making Kit Colorf...",4.4,₹472,76% off
DUGGI MUGGI Smartest and Safest Tricycle with Eva Wheel...,3.8,₹689,82% off
Craftinger Diy Resin Art Alphabet Keychain Making kit W...,4.1,₹605,69% off
"Chigy Wooh AK47 Toy Gun with Laser Light, 500 Bullets, ...",3.4,₹529,64% off
Craftinger All in One Kit with 200gm Resin for Pendant ...,4.2,₹609,59% off
KAVANA Toys Magnetic Sticks Building Blocks for Kids To...,3.6,₹380,61% off
FTAFAT MDF Educational learning A To Z English Alphabet...,4.1,₹140,82% off
ashaworld 12 inch LCD Writing Pad For Kids Re-Writing P...,3.8,₹226,77% off
Childgossip Amazing Rubber Snakes Toys Prank Fake Gags ...,4.1,₹116,83% off
TZZOT Science & Fun Innovation Kit Dc Motor with Propel...,3.7,₹198,60% off
FUNVERSE Duck Track Toys Small Ducks Stair Climbing Wit...,4.3,₹279,86% off
J K INTERNATIONAL Battery Operated Train Toy Track Set ...,4.2,₹696,82% off
Prekrasna Portable 8.5 Inch LCD Writing Tablet / Drawin...,3.9,₹118,70% off
SALPITOYS Classic Uno no Mercy Thickened Paper Full Ran...,3.9,₹196,84% off
BOZICA Wooden Educational Creative learning A To Z Engl...,4,₹134,80% off
Osjs 4 feet Very Cute Long Soft Huggable American Style...,4,₹400,86% off
xelix 2 in 1 Baby Piano Xylophone Toy 8 Multicolored Ke...,4.4,₹368,63% off
geeta enterprises (Pack of 2) BO Dual shaft Smart Car R...,4,₹153,61% off
Learn With Fun 2 in 1 Construction Trucks Rotate by 180...,4.3,₹226,81% off
DUGGI MUGGI BABY TRICYCLE FOR KIDS TRICYCLE RECOMMENDED...,3.8,₹939,82% off
SALPITOYS UNO Anime Paper Playing Cards| 112 Goku UNO C...,4.1,₹163,83% off
Orama Fake Blood Liquid 30ML Horror items Magic Toys Ga...,3.7,₹94,68% off
TOYSHOPPEE with Parental /Push Handle Baby TriCycle Sui...,3.9,"₹1,488",75% off
"Craftinger Lippan Art Kit with 3 Mdf base, Mirror, Varn...",4.4,₹603,53% off
Learn With Fun Set of 8 Pcs with Various Exciting Toys ...,4.4,₹140,85% off
AK TOYS 3 Feet red Teddy Approx 90 cm High Quality 3 Fe...,3.9,₹279,85% off
O&R Digital Slate/Writing Board Slate/Graphic Tablet/No...,3.9,₹96,83% off
Shamsi Arts Ultra Light Modelling Bouncing Clay with To...,3.6,₹54,90% off
Einstein Box Science Experiment Kit | Chemistry Kit Toy...,4.3,₹699,41% off
Learn With Fun Die Cast Metal Unbreakable Push and Go M...,4.3,₹396,60% off
BDRMKH 12 SHAPE MIRROR CRAFT DIFFERANT MIRROR IN EACH C...,4,₹113,85% off
Craftinger Diy Resin Keychain Making Kit With Crystal C...,4.1,₹509,66% off
Mallexo US Dollar Money Toys for Kids 300pc Coupons 6 D...,4,₹150,69% off
"Bestdeals Pokemon Cards ,56 Card Booster TCG Playing Se...",3.6,₹66,93% off
"eston Combo Of ( Unicorn, Kitty, Penguin, Rabbit, Pikac...",4,₹340,85% off
himanshu tex Educational Computer ABC and 123 Learning ...,3.7,₹704,71% off
J K INTERNATIONAL Educational Laptop Computer Toy with ...,3.8,₹714,76% off
Chigy Wooh Kids Intelligence Book English Letters Words...,4,₹330,72% off
"Miss & Chief Baby Bunny Rideon Car with Music, for kids...",3.9,"₹1,199",76% off
"Miss & Chief Spartan Tiger - 3 Wheel Kick Scooter,Folda...",4.3,"₹4,999",No discount
Toys R Us Universe of Imagination Wooden Capital Alphab...,4.4,₹380,61% off
ZEQTOS Wooden Educational Creative learning A To Z Engl...,4.1,₹137,81% off
Qozent Writing Tablet For Students- 8.5 inch LCD Writin...,4.3,No price,No discount
LWF Unbreakable Pull Back Texi Car Truck Bus Plane Toy ...,4.2,₹378,70% off
Miss & Chief Nicole Parental Tricycle with Canopy with ...,3.6,"₹3,999",50% off
J K INTERNATIONAL Play Gym & Mat for Babies Infant New ...,4.1,₹464,82% off
ExaltedCollection Toy Helicopter for Kids Easy Control ...,3,₹379,74% off
"Webby Big Size Plush Husky Dog Stuffed Animal Soft Toy,...",4.5,₹386,35% off
"Miss & Chief Flash - 3 Wheel Scooter for Kids, Lightwei...",4.3,₹799,68% off
Chigy Wooh Duck track Set Automatic Stair-Climb Ducks R...,3.8,₹273,77% off
sneki (200 ML) Slime Activator Liquid Bottle for DIY Sq...,3.6,₹99,71% off
Aganta Yoyo High Gloss high Speed Metal YoYo Spinner To...,3.6,₹198,60% off
Cubelelo Drift 3x3 Stickerless Combo (Pack of 2),4.2,₹260,83% off
BLADEKING BEYS BB47 Earth Eagle 145WD Metal Fusion + fu...,3.9,₹548,56% off
Fevicreate Paint Your Own Unicorn Money Bank Kit - Idea...,5,₹439,20% off
"ZARQITO Wooden Alphabet Puzzle Toys, ABC Letter Prescho...",4.1,₹135,83% off
Super Toy Dobble Spot It Matching Card Game for Kids an...,4.5,₹186,90% off
HALLSTATT LCD WRITING TABLE 12 INCH,No rating,₹398,73% off
ZRIYOS Magic Practice Copybook (4 BOOK + 10 REFILL + 1 ...,3.9,₹147,75% off
Miss & Chief Powerpuff Girls-Buttercup Swing Car Rideon...,4,₹948,81% off
Sirius Toys LCD Writing Tablet 8.5 Inch - Make In India,3.9,₹104,85% off
BLADEKING BEYS Dual String Launcher Grip to launch 2 bl...,4.1,₹339,62% off
PBDeal PB Portable LCD Writing Slate Drawing Record Not...,3.8,₹121,76% off
Toys R Us Fastlane 1:32 Scale Luxury Suv Metal Cast Car...,4.2,₹554,72% off
Miss & Chief Kick Scooter,4.2,₹899,64% off
"ZARQITO Wooden Russian Blocks Puzzles for Kids Adults, ...",4.2,₹145,70% off
ZRIYOS Wooden Alphabet Puzzle Board Educational Puzzle ...,3.9,₹150,74% off
Glancing LCD Writing Board Slate Drawing Record Notes D...,3.9,₹116,87% off
"ZARQITO 3D Wooden Puzzle Capital Alphabets, Numbers, an...",4.3,₹283,71% off
Miss & Chief Kick Scooter,4.2,₹899,64% off
CrazyBuy Pokemon Big Album With 208 Spaces,4.2,₹266,73% off
Glancing 8.5 inch LCD Writing Pad For Kids Re-Writing P...,3.8,₹118,85% off
"Extrawish Pull Back Construction Vehicles Set, 4 Pack D...",4.1,₹248,84% off
"MPR ENTERPRISES Classic stuffed toy for kids, gift & te...",4.1,₹444,55% off
Toys R Us Universe of Imagination All in One Flash Card...,4.4,₹169,66% off
"Miss & Chief Superman Swing Car Rideon for kids, Magic ...",4,₹899,82% off
Microtech 200 Watt Converter 12v dc to ac inverter kit ...,3.7,₹475,63% off
FireFlies Wooden India Map Puzzle Capital with State Le...,4.2,₹137,72% off
"Miss & Chief Baby Bunny Rideon Car with Music, for kids...",3.9,"₹1,199",76% off
"Miss & Chief Spartan Tiger - 3 Wheel Kick Scooter,Folda...",4.3,"₹4,999",No discount
ZARQITO Magic practice copy book for preschool child 4B...,4,₹132,83% off
CLICKEDIA Toy-Monster Truck-Pack of 4,4.2,₹190,80% off
PSA zone Learning Pillow Cloth Book with English and Hi...,3.8,₹234,80% off
KOBBET Dancing Cactus Toys For Voice Recording Repeats ...,3.9,₹272,72% off
J K INTERNATIONAL Play Gym & Mat for Babies Infant New ...,4.1,₹464,82% off
"Miss & Chief Flash - 3 Wheel Scooter for Kids, Lightwei...",4.3,₹799,68% off
Vicorp 8.5 Inch LCD Writing Board Tablet Electronic Sla...,4,₹160,77% off
"Aditi Toys 3x3 Cube for Kids, Speed Cube Puzzle for Kid...",4.2,₹137,65% off
Chigy Wooh Duck track Set Automatic Stair-Climb Ducks R...,3.8,₹273,77% off
"ZARQITO Wooden Alphabet Puzzle Toys, ABC Letter Prescho...",4.1,₹135,83% off
xelix 2 in 1 Baby Piano Xylophone Toy 8 Multicolored Ke...,4.4,₹368,63% off
Bestdeals golden pokemon cards high hp real trading car...,3.9,₹160,83% off
Magnemite UNO Show 'em No Mercy Card Game for Kids and ...,4.2,₹196,80% off
A SARKAR MAGIC SHOP FAKE POOP GAG TOY / FAKE POTTY PRAN...,4.1,₹167,62% off
Miss & Chief Powerpuff Girls-Buttercup Swing Car Rideon...,4,₹948,81% off
ZRIYOS Magic Practice Copybook (4 BOOK + 10 REFILL + 1 ...,3.9,₹147,75% off
WOYR Premium 55 PC Gold Foil Naruto Itachi Sasuke Boost...,4.9,₹193,67% off
Mira Farmcraft Pack of 7 Rattle Set with Teathers for N...,4.3,₹198,66% off
Miss & Chief Kick Scooter,4.2,₹899,64% off
koko Rowdy Kick Scooter with Adjustable Height & Portab...,4.1,"₹1,464",51% off
Osjs stuffed toys 4 feet Red teddy bear / high quality ...,4,₹373,81% off
Pandaoriginals ninja ev tricycle Ninja Ev With Music An...,4,"₹2,625",70% off
J K INTERNATIONAL Battery Operated Train Toy Track Set ...,4.2,₹696,82% off
Space Age 55-Pcs Naruto Cards Booster Box Foil Cards TC...,4.3,₹210,78% off
VikriDa Electronic Digital Piano Keyboard 61 Keys- Mult...,3.9,"₹1,501",39% off
"ZARQITO Wooden Russian Blocks Puzzles for Kids Adults, ...",4.2,₹145,70% off
XORTIC 8.5 Inch LCD Writing Board Tablet Electronic Sla...,No rating,₹179,74% off
ZRIYOS Colorful Wooden Puzzle Set Featuring 3D Capital ...,4.2,₹281,71% off
"Miss & Chief Baby Bunny Rideon Car with Music, for kids...",3.9,"₹1,199",76% off
"ZARQITO 3D Wooden Puzzle Capital Alphabets, Numbers, an...",4.3,₹283,71% off
SALPITOYS UNO Anime Paper Playing Cards| 112 Goku UNO C...,4.1,₹163,83% off
Craftinger Resin Art Keychain Coaster Earring Making ki...,4,₹951,56% off
Universal Hub 3S 20AMP CELL BMS 18650 Lithium Battery P...,3.7,₹136,82% off
Mallexo US Dollar Money Toys for Kids 300pc Coupons 6 D...,4,₹150,69% off
Miss & Chief Kick Scooter,4.2,₹899,64% off
Smartivity My First Science Kit for Kids 5-6-7-8-9-10-1...,4.2,₹474,20% off
Aamango WWE Trump Card - 20s Legends,4.4,₹300,39% off
AK TOYS 3 Feet red Teddy Approx 90 cm High Quality 3 Fe...,3.9,₹279,85% off
"Miss & Chief Baby Bunny Rideon Car with Music, for kids...",3.9,"₹1,199",76% off
"Miss & Chief Spartan Tiger - 3 Wheel Kick Scooter,Folda...",4.3,"₹4,999",No discount
Toys R Us Animal Alley Unicorn Flying Soft Toys For Bro...,3.8,₹327,83% off
ZARQITO All in one my first Big Size Board Book For Pre...,4.1,₹145,51% off
Extrawish Unbreakable Pull Back Texi Car Truck Bus Plan...,4.3,₹373,71% off
"Weariton 0.5, 0.6, 0.7, 0.8, 1.0 Elastic Rope Cord Stri...",4.1,₹142,82% off
J K INTERNATIONAL Play Gym & Mat for Babies Infant New ...,4.1,₹464,82% off
"Miss & Chief Flash - 3 Wheel Scooter for Kids, Lightwei...",4.3,₹799,68% off
PSA zone Learning Pillow Cloth Book with English and Hi...,3.8,₹229,84% off
"TOYOX Musical Learning Study Book with Number, Letters,...",3.9,₹342,81% off
Chigy Wooh Duck track Set Automatic Stair-Climb Ducks R...,3.8,₹273,77% off
"ZARQITO Wooden Alphabet Puzzle Toys, ABC Letter Prescho...",4.1,₹135,83% off
Extrawish Montessori Slide Puzzles - Brain Game for Kid...,4.4,₹169,83% off
Gift Collection Premium Quality UNO Minecraft Card Game...,4.1,₹177,77% off
kuku UNO FAMILY CARD GAME COMPLETE PACK OF 108 CARDS,4,₹68,77% off
V VANTRA Hot Selling Reversable Cute Plush Big Ears Bun...,4,₹236,85% off
ZRIYOS Magic Practice Copybook (4 BOOK + 10 REFILL + 1 ...,3.9,₹147,75% off
Miss & Chief Powerpuff Girls-Buttercup Swing Car Rideon...,4,₹948,81% off
TITIRANGI Mini Monster Truck Push and Go Toy For Kids,4.1,₹45,88% off
VAAYU Flash Cards for New Born Children Infant| High Co...,4.4,₹196,60% off
Miss & Chief Kick Scooter,4.2,₹899,64% off
koko Rowdy Kick Scooter with Adjustable Height & Portab...,4.1,"₹1,464",51% off
Toyco 1:32 Scale Alloy Die-Cast Metal SUV Car Toy for K...,4,₹282,68% off
SME 100 Pics 3in1 RGB Auto Flashing 5mm LED slow flash ...,4.1,₹171,57% off
Neel Mini Monster Trucks Friction Powered Cars for Kids...,4.2,₹204,84% off
Galactic Smart Phone Cordless Feature Mobile Phone Toys...,3.8,₹229,61% off
VikriDa Electronic Digital Piano Keyboard 61 Keys- Mult...,3.9,"₹1,501",39% off
"ZARQITO Wooden Russian Blocks Puzzles for Kids Adults, ...",4.2,₹145,70% off
HOUSE OF COMMON LCD Writing 8.5 Inch Tablet Electronic ...,No rating,₹169,71% off
CNA CNA07 note Gag Toy,4,₹69,86% off
"Miss & Chief Baby Bunny Rideon Car with Music, for kids...",3.9,"₹1,199",76% off
"ZARQITO 3D Wooden Puzzle Capital Alphabets, Numbers, an...",4.3,₹283,71% off
Shining Angel Crystal Soil Water Beads (Multicolour) - ...,3.8,₹90,81% off
Aganta Magic Clay With 12 Colors Air Dry Clay for Kids ...,3.8,₹78,84% off
DOGEE Teddy Bear 3 Feet Panda Soft Toy | Birthday Gift ...,3.7,₹240,83% off
"ZUNBELLA Avenger Mini Metal Die Cast Car, Push & Go Toy...",4.2,₹277,81% off
Toys R Us Universe of Imagination All in One Flash Card...,4.4,₹169,66% off
Smartivity My First Science Kit for Kids 5-6-7-8-9-10-1...,4.2,₹474,20% off
s yuvraj Fake For Prank(Colour as per availibility) rub...,3.8,₹75,83% off
RSS SOFT TOYS Zip Bunny  - 30 cm,4.2,₹212,83% off
"Miss & Chief Baby Bunny Rideon Car with Music, for kids...",3.9,"₹1,199",76% off
"Miss & Chief Spartan Tiger - 3 Wheel Kick Scooter,Folda...",4.3,"₹4,999",No discount
TOOBIL High-Quality Doll House Tent For Kids,4,₹383,61% off
xelix 2 in 1 Baby Piano Xylophone Toy 8 Multicolored Ke...,4.4,₹386,80% off
"Devta Kids Piano Keyboard, Piano for Kids with Micropho...",3.9,₹485,78% off
MOONZA Waterproof 55pcs Pokemon Rainbow Card Box V Seri...,4.2,₹200,86% off
J K INTERNATIONAL Play Gym & Mat for Babies Infant New ...,4.1,₹464,82% off
Miss & Chief Nicole Parental Tricycle with canooy with ...,3.6,"₹3,999",50% off
Toyco 1:32 Scale Alloy Die-Cast Metal Sports Model Toy ...,4.2,₹297,66% off
"XORTIC 8.5"" Inch lcd writing pad",4.2,₹172,78% off
"Miss & Chief Spartan Penguin 3 Wheel Kick Scooter,Folda...",4.3,"₹4,999",No discount
Chigy Wooh Duck track Set Automatic Stair-Climb Ducks R...,3.8,₹273,77% off
CNA CNA07 note Gag Toy,4,₹69,86% off
Rudra Air Dry DIY Ultra Light Modelling Bouncing Differ...,4,₹61,86% off
KAVANA Magnetic Sticks Building Blocks for Kids Brain T...,3.8,₹490,87% off
MotoArt Uno Playing Card Game for 7 Yrs and Above for A...,4,₹71,71% off
"ZARQITO Wooden Alphabet Puzzle Toys, ABC Letter Prescho...",4.1,₹135,83% off
Miss & Chief Powerpuff Girls-Buttercup Swing Car Rideon...,4,₹948,81% off
deoxy Kids Spider Web Launcher Toy Set with Heroic Web ...,3.7,₹272,72% off
K A Enterprises nstorming P Cube Game 1 Pieces,4.1,₹132,73% off
Tedstree 3 feet pink teddy bear  - 90 cm,3.8,₹269,85% off
Miss & Chief Kick Scooter,4.2,₹899,64% off
Glancing Lcd Toy For Kids - Digital paperless magic LCD...,3.8,₹118,85% off
Welrock Portable LCD Writing Board Super Slim LED E-Wri...,3.8,₹113,85% off
shopping mart Beads for Kids Children's Jewelry DIY Bra...,4.2,₹352,64% off
adofi 16 Inch Large LCD Writing Pad Tablet Rechargeable...,4.3,"₹1,257",74% off
ZARQITO Magic practice copy book for preschool child 4B...,4,₹132,83% off
"ZARQITO Wooden Russian Blocks Puzzles for Kids Adults, ...",4.2,₹145,70% off
"Little Olive Kiddie Kart Tricycle - Safe, Sturdy, And S...",4,"₹1,999",55% off
SHIBU Naughty Baby Crawling Toy With Music And 3D Light...,4.1,₹269,63% off
VikriDa Electronic Digital Piano Keyboard 61 Keys- Mult...,3.9,"₹1,501",39% off
J K INTERNATIONAL Educational Laptop Computer Toy with ...,3.8,₹714,76% off
Doabealle Toys Stitch Teddy with Hot Water Bag Comfort ...,3.9,₹435,78% off
BLADEKING BEYS DB Launcher (L/R) - Accommodate Left Rig...,4.2,₹398,66% off
HOUSE OF COMMON LCD Writing 8.5 Inch Tablet Electronic ...,4.6,₹132,85% off
Mira Farmcraft Angle Geometric Blocks Sorting Stacking ...,4.2,₹118,88% off
"Miss & Chief Baby Bunny Rideon Car with Music, for kids...",3.9,"₹1,199",76% off
"ZARQITO 3D Wooden Puzzle Capital Alphabets, Numbers, an...",4.3,₹283,71% off
TOYSHOPPEE Parental Handle Tricycle with Front-Back Bas...,3.9,"₹1,038",79% off
Chigy Wooh Kids Intelligence Book English Letters Words...,4,₹330,72% off
"Miss & Chief Baby Bunny Rideon Car with Music, for kids...",3.9,"₹1,199",76% off
"Miss & Chief Spartan Tiger - 3 Wheel Kick Scooter,Folda...",4.3,"₹4,999",No discount
Little Olive Tikes New Adjustable Scooter with LED Ligh...,4,"₹1,049",65% off
Maadi Kid Playing Fake Currency Farzi Notes Fun 80×7=56...,4.5,₹171,59% off
SG Flash (pack of 30) 9w MCPCB Led Raw Material For Led...,4,₹163,67% off
"CrazyBuy Pokemon 55 Pcs Black Foil Cards (, V, GX, EX &...",4.1,₹177,82% off
Miss & Chief Nicole Parental Tricycle with Canopy with ...,3.6,"₹3,999",50% off
J K INTERNATIONAL Play Gym & Mat for Babies Infant New ...,4.1,₹464,82% off
TOOBIL 120 pcs 12 Color Wooden Dominos Blocks Set for K...,4.2,₹198,49% off
Prekrasna Portable 8.5 Inch LCD Writing Tablet / Drawin...,3.9,₹118,70% off
Miss & Chief Nicole Parental Tricycle with canooy with ...,3.6,"₹3,999",50% off
Chigy Wooh Duck track Set Automatic Stair-Climb Ducks R...,3.8,₹273,77% off
BLADEKING BEYS DB Launcher (L/R) - Accommodate Left Rig...,4.2,₹383,74% off
HOT WHEELS 5 car gift pack,4.3,₹699,22% off
Little Olive Munchkin Lite Scooter for Kids 4 Level Hei...,4.1,"₹3,999",No discount
VROO (33 Each x 7=231 Nakli Note) Playing Indian Curren...,4,₹120,79% off
"ZARQITO Wooden Alphabet Puzzle Toys, ABC Letter Prescho...",4.1,₹135,83% off
Fevicreate Paint Your Own Unicorn Money Bank Kit - Idea...,5,₹439,20% off
Kraftify Hand Casting Kit-Couples | Anniversary Gift Fo...,3.9,"₹1,072",64% off
VISHWAS ENTERPRISE best kids House Tent For Girls And B...,4.2,₹439,72% off
Miss & Chief Powerpuff Girls-Buttercup Swing Car Rideon...,4,₹948,81% off
"ZARQITO Wooden Russian Blocks Puzzles for Kids Adults, ...",4.2,₹145,70% off
CLICKEDIA Toy-Monster Truck-Pack of 4,4.2,₹190,80% off
4GX Combo (9 Each x 6=54 Nakli Note) Playing Indian Cur...,3.7,₹73,85% off
"HOUSE OF COMMON 8.5"" Inch lcd writing pad",3.7,₹179,74% off
Thrifx Premium First Ever Naruto Cards 50 Pcs Booster S...,4.1,₹121,90% off
Miss & Chief Kick Scooter,4.2,₹899,64% off
"ZARQITO 3D Wooden Puzzle Capital Alphabets, Numbers, an...",4.3,₹283,71% off
GoodsNet LCD Tablate 8.5 Inch - 1179,3.9,₹118,85% off
J K INTERNATIONAL Battery Operated Train Toy Track Set ...,4.2,₹696,82% off
Toys R Us Universe of Imagination All in One Flash Card...,4.4,₹169,66% off
"Miss & Chief Baby Bunny Rideon Car with Music, for kids...",3.9,"₹1,199",76% off
WOYR UNO Anime Paper Playing Cards| 112 Goku UNO Card G...,3.9,₹172,65% off
snuglystuff Stitch Teddy Bear Hot Water Bag for Soothin...,4.4,₹500,70% off
frendo Off Roader Rechargeable Remote Control Monster T...,4.1,"₹1,399",50% off
3D Puzzle House Toy Jigsaw for Kids Pack Of 4 Combo Mix...,4.4,₹448,25% off
FUNVERSE Magnetic Board Game for Kids - 24 Magnets with...,4.1,₹190,80% off
"J K INTERNATIONAL 42-Piece Kitchen Set, Music,Real Wate...",4,₹658,83% off
mayureshcollection Mayuresh Pack of 140 pc Combo Playin...,4.2,₹69,72% off
Osjs SOFT TOYS LOVER teddy bear size 3 feet  - 90.2 cm,3.9,₹279,82% off
"Miss & Chief Baby Bunny Rideon Car with Music, for kids...",3.9,"₹1,199",76% off
"Miss & Chief Spartan Tiger - 3 Wheel Kick Scooter,Folda...",4.3,"₹4,999",No discount
Ridhimani Spiderman Web Shooter Launcher Wrist Gloves T...,3.8,₹190,80% off
SR Toys Land Rover Defender 1:32 Diecast Model With Ope...,3.4,₹498,50% off
Shree Shyam YoYo's Lizard Entry-Level YoYo Pro YoYos fo...,3.8,₹107,87% off
"CrazyBuy Pokemon 55 Pcs Black Foil Cards (, V, GX, EX &...",4.1,₹177,82% off
Miss & Chief Nicole Parental Tricycle with Canopy with ...,3.6,"₹3,999",50% off
J K INTERNATIONAL Play Gym & Mat for Babies Infant New ...,4.1,₹464,82% off
"Wener Musical Army Style Toy Gun for Kids with Music, L...",4.1,₹311,78% off
SALPITOYS UNO Dare Card Game,4,₹135,89% off
"Miss & Chief Flash - 3 Wheel Scooter for Kids, Lightwei...",4.3,₹799,68% off
Fevicreate Paint Your Own Unicorn Money Bank Kit - Idea...,5,₹439,20% off
Einstein Box Science Experiment Kit | Chemistry Kit Toy...,4.3,₹699,41% off
Toyco 1:14 Scale Pull Back Diecast Alloy Sports Motorcy...,4,₹297,70% off
Kraftify Hand Casting Kit-Couples | Anniversary Gift Fo...,3.9,"₹1,072",64% off
"Vicorp Reusable LCD Writing Board, 8.5 Inch Digital Sla...",4.3,₹167,70% off
Chigy Wooh Duck track Set Automatic Stair-Climb Ducks R...,3.8,₹273,77% off
"ZARQITO Wooden Alphabet Puzzle Toys, ABC Letter Prescho...",4.1,₹135,83% off
Doabealle Toys Stitch Teddy with Hot Water Bag Comfort ...,3.9,₹435,78% off
"Craftinger Lippan Art Kit with 3 Mdf base, Mirror, Varn...",4.4,₹603,53% off
ZRIYOS Magic Practice Copybook (4 BOOK + 10 REFILL + 1 ...,3.9,₹147,75% off
Miss & Chief Powerpuff Girls-Buttercup Swing Car Rideon...,4,₹948,81% off
3REE 10pc TP4056 Type-c USB 5V 1A 18650 Lithium Battery...,4.2,₹224,82% off
"Kitoarts Fabric Dye For Clothes 50 Gram, Black Dye For ...",4.6,₹245,64% off
Samvardhan Magnetic Drawing Board for Kids Magnetic Dot...,4,₹340,43% off
CADDLE & TOES Remote Controlled Rock Crawler RC Monster...,3.5,₹779,61% off
Miss & Chief Kick Scooter,4.2,₹899,64% off
"ZARQITO Wooden Russian Blocks Puzzles for Kids Adults, ...",4.2,₹145,70% off
Midhash DIY Plastic Building Blocks for Kids 100+Pcs,3.8,₹155,82% off
Wembley USB Rechargeable Hover Ball Indoor Football Soc...,3.7,₹587,41% off
"ZARQITO 3D Wooden Puzzle Capital Alphabets, Numbers, an...",4.3,₹283,71% off
Toys R Us Universe of Imagination All in One Flash Card...,4.4,₹169,66% off
Toygear Geometry Learning Puzzle For Kids Mind Developm...,4.4,₹147,78% off
Gift Collection UNO Show em No Mercy Card Game for kids...,4.2,₹206,65% off
SG Flash BMS 18650 Lithium Battery Protection Board (3S...,3.7,₹147,70% off
QBLYN Spot it Dobble Card,4.4,₹252,74% off
Miss & Chief Kick Scooter,4.2,₹899,64% off
"Miss & Chief Superman Swing Car Rideon for kids, Magic ...",4,₹899,82% off
DAGTUL 8.5 inch Digital slates with pen for kids Learni...,3.8,₹121,82% off
Gift Collection Waterproof 55pcs Pokemon Gold Card Box ...,3.7,₹209,79% off
